Use QualityMeterDB
GO
/*
Script created by SQL Data Examiner 5.0.0.93 at 06/16/2017 17:39:36.
Run this script on SQL5036.Smarterasp.net.DB_9E4AF2_QualityMeterDB to make it the same as (local).QualityMeterDB
*/
BEGIN TRANSACTION

BEGIN TRY

ALTER TABLE [dbo].[tb_ApplicationEvaluations] NOCHECK CONSTRAINT [FK_dbo.tb_ApplicationEvaluations_dbo.tb_Application_ApplicationId]
ALTER TABLE [dbo].[tb_ApplicationEvaluations] NOCHECK CONSTRAINT [FK_dbo.tb_ApplicationEvaluations_dbo.tb_QualityAttributesMetrics_QualityAttributesMetricId]
ALTER TABLE [dbo].[tb_Criterias] NOCHECK CONSTRAINT [FK_dbo.tb_Criterias_dbo.tb_Factors_FactorId]
ALTER TABLE [dbo].[tb_QualityAttributesMetrics] NOCHECK CONSTRAINT [FK_dbo.tb_QualityAttributesMetrics_dbo.tb_Criterias_CriteriaId]
ALTER TABLE [dbo].[tb_Factors] NOCHECK CONSTRAINT [FK_dbo.tb_Factors_dbo.tb_Subjects_SubjectId]
ALTER TABLE [dbo].[tb_QualityAttributesMetrics] NOCHECK CONSTRAINT [FK_dbo.tb_QualityAttributesMetrics_dbo.tb_QualityAttributesMetrics_AgainstId]
ALTER TABLE [dbo].[tb_QualityAttributesMetrics] NOCHECK CONSTRAINT [FK_dbo.tb_QualityAttributesMetrics_dbo.tb_QualityAttributesMetrics_RelatedToId]
ALTER TABLE [dbo].[tb_Users_Roles] NOCHECK CONSTRAINT [FK_dbo.tb_Users_Roles_dbo.tb_Roles_RoleId]
ALTER TABLE [dbo].[tb_Users_Roles] NOCHECK CONSTRAINT [FK_dbo.tb_Users_Roles_dbo.tb_Users_UserId]

--Synchronizing [dbo].[__MigrationHistory] (records: 0 to delete, 0 to update, 2 to insert)

--Inserting data into [dbo].[__MigrationHistory] (2 records)
INSERT INTO [dbo].[__MigrationHistory]([MigrationId], [ContextKey], [Model], [ProductVersion]) VALUES (N'201706161504307_AutomaticMigration', N'QualityMeter.Infrastructure.Migrations.Configuration', 0x1F8B0800000000000400ED5D5B6FE3B8157E2FD0FF20E8A92DB27192D9DDCE06F62E667359049D4CA67166D1B7012DD11EB5BA7875C92428F697F5A13FA97FA1A4AEBC8AA42C5B4E2C0C307044F23BE4E1398797431EFEEF3FFF9DFEF414F8D6238C132F\
0A67F6E9F1896DC1D0895C2F5CCDEC2C5D7EF3D6FEE9C73FFE617AE5064FD6AF55BE37381F2A192633FB4B9AAECF2793C4F90203901C079E134749B44C8F9D289800379A9C9D9CFC30393D9D400461232CCB9ADE6761EA0530FF03FD7911850E5CA719F0\
6F2317FA49F91DA5CC7354EB030860B2060E9CD97F47B9BCF4F916A6303EBE09973148D23873D22C86C7972005B6F5CEF700AAD71CFA4BDB026118A52045B53EFF94C0791A47E16ABE461F80FFF0BC8628DF12F8092C5B73DE64D76DD8C9196ED8A42958\
41395992468121E0E99B925313B678277EDB3527112FAF10CFD367DCEA9C9F33FBDD7AED7B4E8E7EF508FCACA4C3523EBFF0635C8AE1FD4584385EF4D7B110E9C8E2F21FD52284240DFF3BB22E321FF7DD2C84591A03FFC8FA982D10D6DFE0F343F42F18\
CEC2CCF7C966A086A034EA03FAF4318ED6304E9FEFE1B26CDC8D6B5B13BADC842D581723CA142DFD25F3D0EF0F883658F8B016128229F314B5E71718C218A4D0FD0852D4C61043C09CCD1C718654C99A77691A7B8B2C85096252EC39CA1AB4A312FDB021\
5259BF5F5167C20A688E8C820F8DA190DEC57DE05CC4306F19D2F21A0AFF7E4096C418EC3D321B9FD62EEEBB8DB1EEA3AFA55857503F7B2188910C60C396C531B2A8CF585366F6B5F78409DE82A7F7305CA55F66F65BDBCA3F567F97143B88DE4514ACB3\
BC3D4C753F80476F9517958B8B6DDD433FFF957CF1D685F514ABF567AAD4751C05F7912FB32664E6CFF3288B1DDC75916E890710AF60AADF20895619344E8AA06AA8A4A066A365A5450C984E1A4BAE6BDF37B5EAA32D6F2185FFAF6D1BEAB6704569F877\
2727621DFF147A4E6E15D004C6DCEA5CC2C489BD754A981D0171F4538BB8C2F4E6C203E3DDB77234FA5D8CBEB689909ABB0EE64282359A8EC3361DB18758E2810DE7A3B8E8DDB292CEB2CE7818A713CC67B9A89B96F52049E0B24986C8F314842E88DD3E\
26BECD3CA10FB4FB08E9E6CF20696CA0A0EFDFE8C99D82129E7441F72162FB5EB18859012F4C52B342E338D1FBE2A0E806E1DC59365DADCB34B36545566E7EACCA6FBA24A8EC8F513B9A42EA865479B55B5217306D4AAD4F466D214AA91B5367D66E4D53\
62A3B54AC3F10E338FAAF038D538E8A9C63570108B369C688C0349DF0349D12D429B559BC22A4F63A19824CE1EB1E91B599F8A7C07DB53141D2DCF415B9E79B6F82774B829EB687A06363D65BF086D4F6557AA2C8DE9A15338CBC3246F64786AEA1D2C4F\
5976343D076D7A46A3B1D50D52ACF29DB413177CC9AA7913A6DF7FBB55DDC41C4AB6AE1F37C9FC394961500B6184C802D5869EB67C60E7766719A90A8F72A23A3FA0A6A79635630CF9464CDEE1823945D5A19F8B1CCD94824AE0661474AAE9B6102EDD5E\
9B2287A036F887BC3679EA46D39B827047CD18B542A5158AD9CDD977DF6F6376F31124C9D7286E731FE89A6ED3E34D4EEA3D42334BBEFD11210B0889A7DD5137C9B50F56CD21C30E9A4002F6A811A8275C18FBCFA8E76A897D73C628CA2D0C1630AEBA3D\
8E1C98A0013B7742CDEC538ECF6C7637C32B9B32FB19CFCE82712DCC647D703DB093861C94A11F70934AEEFCF56D3B37EFF2A55E2EFC55891FDA4B94AB43B2C8DB373A7DF02E4922C7CBD9D3764E943A0646D7E32A742DE333618DE755722CF516F58287\
535077CDECBF70AD37A15A0D6A62AA2CAD539B1D2EEEC24BE82391B1B045C2477B2F40E20097373D88C32EFD058D3030C6261EF8681D942081F2C2941F8EBCD0F1D6C0376D1103A439B2E18AD624D9944BB886211E944CFB54A72ECC8155BE5A357586AF\
2A364E27841CB78BB7CA992913336DCF2675A8407CDC465FB875FDA3E6544F8E8F799BDE495C35EBB80361D5EC232D516D8E250C22A6CC7EA54C3E649B978D3854CE0E7D9993EC781298F53E266B397B912731FD1D888F98993A84098FC020D2C27AD664\
5D2B75B3357DDBB8E6F52546E69D538AE1F063ADA4EA3B9036495FE8506E5CDF7B3584D6A2633A9AF1876A76328872477334D460CB63265BA501074DB65374AA421EFFDC2BD16C8E45990A89E08CD44E84933F69B58F733CAE96030A2CD7533A75A14EAD\
0E22B2663793CC56C1CA6B4A5B5F87ABAE3A990BF5F073864E2D1D6CADAE90019D7AB55C5F1D446568C78B4C20255E9846E01A6F9EBE948B9D3704A80870789115567B072229EC032DBB5CBAF08695AFDCA3A51405DAAFD6937C51EE3806748FE58BACF6\
2EE58BEC031DBA959B7907F255789250991495A877ECAF96A43302DFD0B95C087C1CA89EA59B2329DD68ACE460F0394CDB6613896D35EEACF6F19E134C29BC02540925195444B0D299818244B51C1161360B3C0548B1D81641547B1A0A8072734884506F\
A42920CAC3335CF9C2BA280A573A2202684C9406880C802B4C28824232E9F0024439ED9804ACFE767147D58D95EB0F6727BA38A0C4743874CA92A0DC1ACC555ED1E2596BE408E9E40A219A2B57F616C6EA3A3F3AD0E9C062F60431CFD1B63D7B9D5D7BA2\
1DB5D169618F649F9E40692CCFC6ADE7EE6EF0CD6FDD84D6DA8626AA4E98EE1616C8369ED59CEC51C79A91445FC9C45BA5DD364BB7A566DCF6A84EF7F4C857E22AA33E63251B7D1DB7FAB6C55A7E736F3736CC300A8EEE78ACB559D5C376D536C669D506\
D56E3A86394ACA33BE65CB4363D3836804311B6CE195789B838011426CD2F06222D9D2707E2DAEB11AEFDE706AFDCDC09834BC3A4958AFFFEAB4E9A48877587E984E248111A7B760BDF6C2151128B1FC62CD8B288917DFCCCD03060605C604C96FCB6AB5\
A6840651B0824C2ABE70E1C26B2F4E521C8D7101F039BD0B37E0B20957BB92154745B27541CBF760B530A98AE3DFD400230D2229590BF3DB0825F435E24480F720F243BD2AA3C4E35838D225F0412C38507C11F95910CAF746E4A55B3669495083BD5C39\
2DE6201789AF38E3A5AC7F19F44450E532451F91084548C2119FF5B1E88B57241C9DA28F48DDBE2201A9047D3CF2061609477EE7D1A61346A8B9FD304EB3B80D445A6F4DB57A7BBABC9906EF4A6F8B63FD64F9E28B3E0275019104A2120C64BD8EFF46C9\
79FD75D49A81B4463A01ED55833467F31ADAA48D74309A459C8FA1B5417E6E468E46DF3E21F1E814A33198BA82C18CC2549A3E2A131D8D046592F431B92869242A9768620F9A7869B43D68BE1BA091A74B28B8B66327723CE2543235E7921F566E93C5D1\
36F7689B9B1DB15E8DB16CA350C3FACA8B1E8AB96DCEC99260F2D3B372A451597A55966A53BE575511BB1D34144556F050D484B8BD408DCDF24B0D72AC51517A5594DA83D7ABA6483C941AAA222D7928BA32CA77AFF25D6CC8F72ADC22078986648B8B6D\
47AC4B3704DD3B42CF444B0DEAB806543DEAAF7BD3C58DDFA5D76EAE4F2E9977B5BCE876BABB3A6BC86E429B0B0DB78C949C921DB4B3B7D0D11D3B79971DCC0F55CD577DA426DA0A89D47C35D82A28A34150FB04E5B7176B6538672A9BA5A65E3B5519E7\
E9B47464AA9F9EE33C9B4516DB422C7AF45CECD52CB850CEA97EF32F7C0FB5B7C9700B426F0993B4881B629F9D9C9E31EFD5EDCFDB719324717D81239888CFA2E1DDDC45B0A52CF47ECBA097074E5A7AD81FA18CADD4ED3534F96B6D7C15B873DB37A10B\
9F66F6BF73C873EBE61FB2832637EE917517236939B74EACDFFB7903AE53FD28A48DEA247A4D0E4D8EFDCDDF92EB84228A998967D5694F31333B63F13133E3E8EB63F54519E1B29F9086F2C03EAF42978B01B8A0163E82D8F902623E28ECE6115F2BEC3F\
05E0E9CF24609707B77AABE828FA6DA2AF77C7F615AB817C5428ADFFE99175937CCA6B776E3D2049C6A3C1BE290FF7E494C9F05736F44CD4D01E1EADF2F07CB09767AABA20099FA5EA34864A1EA5EA84C53F4925B4776F4E4C2541F002958928FC6E4A8F\
7BBA6AABD4465BDE66CB25B16746E3BDDFC69B7DC46720D33DEA569B6E09838A8D9AB5DF9AC53D5233AAD61EAA9638BEE341EAD6DE6BD428C96D922C08C5B303315E78AB7C61D4B7F052AF956C24356CFCF985A75AC799BF46F26AD84E3FFE5151D1D8BC\
2E0A7E2EFCA147ADE3F4466F896C5C25F321D5ECF98D57250ABD0E21F9FB181B3E7E21B5041D1EB4C80D81E6FE40A7972EBA5B9A2D3D0A3048047EC5FDEF3E62206E1A4470B0D880871AB4BFB758AA4A4A859BDF9C5A4F42A67F95AB77816B638896D8BD\
8C00FC75382051542F55E86836964FA7C0FD9D04437E02B87741901ECBE729BD9430FADABDB5A591AC8938240C68B7158931E8C69E02E3BFEA50F8465DD861E01970D031EABFED8C32071AAC7E9CD7ECFFBCE6B5049CEF51040F62BD37A0C8765FFBBDCC\
C0EF450C352E4CEE4E84AE09A82B8CB2BB15D1925C83E95D8E5AAEDC08ECDCCB08E0BEDBD8EAC3CA89E426CDB072327820763E821DDB671A11D6F503AC17B74866B6BB8850DF977EA4C567616E3ECE604B6554E1D8D58495D4A4E33947599A53520BEDD0\
9A6C959A25135787264942541EC496A552ADEE391A558284822CF8308B5FEF187104EA1409056988679644615738FCE2B3045C1CE493456EAC1687DE244928E4F7050DE84823D0B7E173C87B179F5E16DA56601695F35B3152CB1B0F2F33DABC4E64DE56\
F6B5AE6CCDB1878D28CF18102A56431B1368C3464643D9BC79BD868CD7AEA864978D28277DF963EF43C21B35675B4AF48223BCBF029BB13711DCB7C5E2E146B5DE62B09393A126B6485BA3D929141DA6A2C7A6F511659DABE44E9A6610479DBFE28F168D\
5988CF56167F5DC2C45B351053841942875A2ED6796EC26554AD5A991A555998733848C8818BD692EFE2D45BA2310A253B3049BC70655BF9EDA9997D152CA07B13DE65E93A4B519361B0F09F4966E0D56F1BFD3C583C5DE7E95D7ED435E9A309A89A1E3E\
8E7A17FE9C79BE5BD7FB5A708648028197D5E57130DC97293E16B67AAE913E44A12650C9BE7A37E001066B3C022477E11CE0E354E67543E2F71EAE80F35C456A9083A83B8266FBF4D203AB18044989D194477F22197683A71FFF0F3437C5988AB10000, N'6.1.3-40302')
INSERT INTO [dbo].[__MigrationHistory]([MigrationId], [ContextKey], [Model], [ProductVersion]) VALUES (N'201706161510062_AutomaticMigration', N'QualityMeter.Infrastructure.Migrations.Configuration', 0x1F8B0800000000000400ED5D5B6FE3B8157E2FD0FF20E8A92DB2712EBBDBD9C0DEC56C2E0BA393C934CE2CFA16D012ED512B4B5E5D32098AFD657DE84FEA5F28A92BAF2229CB96130B030C1C91FC0E7978CEE1E59087FFFBCF7FC73F3DAF7CEB0946B117\
0613FBF4F8C4B660E084AE172C27769A2CBE7967FFF4E31FFF30BE7657CFD6AF65BE739C0F950CE289FD2549D617A351EC7C812B101FAF3C270AE370911C3BE16A04DC70747672F2C3E8F4740411848DB02C6B7C9F0689B782D91FE8CFCB3070E03A4981\
7F1BBAD08F8BEF286596A15A1FC10AC66BE0C089FD7794CB4B5E6E6102A3E369B088409C44A993A4113CBE0209B0ADF7BE0750BD66D05FD8160882300109AAF5C5E718CE92280C96B335FA00FC87973544F916C08F61D19A8B3ABB6EC34ECE70C34675C1\
12CA49E3245C19029E9E179C1AB1C55BF1DBAE388978798D789EBCE05667FC9CD8EFD76BDF7332F4EB27E0A7051D96F2C5A51FE1520CEF2F43C4F1BCBF8E8548471697FFA812212469F8DF917599FAB8EF26014C9308F847D6A7748EB0FE065F1EC27FC1\
6012A4BE4F36033504A5511FD0A74F51B88651F2720F1745E3A6AE6D8DE87223B660558C2893B7F497D443BF3F22DA60EEC34A4808A6CC12D49E5F6000239040F71348501B030C01333673C41952056BDE2749E4CDD304C6884991E7286BD08C4AF4C386\
4845FD7E459D094BA019320A3E3486427A1775817319C1AC6548CB2B28FCFB01591263B00FC86C7C5EBBB8EF36C6BA0FBF16625D42FDEC05204232800D5B1A45C8A2BE604D99D837DE3326780B9E3FC060997C99D8EF6C2BFB58FE5D506C217A97E16A9D\
66ED61AAFB113C79CBACA85C5C6CEB1EFAD9AFF88BB7CEADA758AD1FA9523751B8BA0F7D993521333FCEC2347270D785BA251E40B484897E83245A65D0382982AAA192829A8D96951631603CAA2DB9AE7DDFD4AA0FB6BC8114FEBFB26DA8DB8225A5E1DF\
9D9C8875FC73E039995540131873AB73056327F2D609617604C4D14F2DE20AD39B090F8C76DFCAC1E8B731FADA26426AEE5A980B09D6603A0EDB74441E628907369C8FE2A2778B523A8B3AE3619C4E309FE5A26E5A54832481CB261922CF1210B82072BB\
98F8D6F3842ED0EE43A49B3F83B8B68182BE3FD7933B05253CE982EE43C8F6BD6211B3045E102766858671A2F3C541DE0DC2B9B36CBA5A95A967CB8AACDCFC5895DF744950DA1FA376D485D40D29F36AB7A42A60DA944A9F8CDA42945237A6CAACDD9ABA\
C4466B959AE32D661E65E161AA71D0538D1BE020166D38D1180692AE0792BC5B8436AB3285659EDA4231499C3D62D337B23E25F916B6272F3A589E83B63CB374FE4FE87053D6C1F4F46C7A8A7E11DA9ED2AE94596AD343A770968749DEC8F054D45B589E\
A2EC607A0EDAF40C4663AB1BA458E55B69272EF89A55731A24DF7FBB55DDC41C8AB7AE1FD378F612277055096188C802D5869EB67C60E7766B19290B0F72A23A3FA0A6A79635630CF9464CD6E1823945D9A18F798E7A4A412570330A3AD5745B08976EAE\
4D9E43501BFC435E9B2C75A3E94D4EB8A5660C5AA1D20AC5ECE6ECBBEFB731BBF904E2F86B1835B90F744DB7E9F12627F19EA09925DFFE8890AE0889A7DD51D3F8C607CBFA90610B4D20013BD408D4132E8CFC17D47395C49E9F318A720B57731895DD1E\
850E8CD1809D39A126F629C76736BB9BE2954D91FD8C6767CEB80666B23EB80ED84943F6CAD08FB8490577FEFAAE999B77D9522F13FEB2C40FCD258AD52159E4DDB94E1FBC8FE3D0F132F6349D13A58E81D1F5B80E5CCBF84C58ED79951C4BBD45BDE0E1\
14D45D13FB2F5CEB4DA896839A982A4BEBD466878BBBE00AFA48642C6C91F0D1DE4B103BC0E54D0FE2B04B7F41230C8CB089073E5A07C548A0BC20E187232F70BC35F04D5BC400698E6CB8A2154936E50AAE61800725D33ED5A90B736095AF56459DE1AB\
8A8DE31121C7CDE2AD7266CAC44CDBB3491D2A101FB7D1176E5DFFA839D593E363DEA6B71257CD3AEE405835FB484B54EB6309BD8829B35F29930FD9E6652D0EA5B3435FE6243B9E0466B58FC95ACE4EE4494C7F07E22366A60E61C223D08BB4B09E3559\
D74ADD6C75DFD6AE797D899179E79462D8FF582BA9FA0EA44DD2173A946BD7F75E0DA195E8988E66FCA19A9D0CA2DCD11C0D35D8F298C956A9C74193ED149DAA90C73FF74A34EB6351A642223823B513E1E44F5AEDE31C8FAB658F02CBF5944E5DA853AB\
BD88ACD9CD24B355B0F29AD2D6D7E1AAAB4EE642DDFF9CA1554B7B5BAB2B6440A75E0DD7577B5119DAF12213488917A616B8DA9BA72FE562E70D012A02EC5F6485D5DE81480AFB40CB2E172EBC7EE52BF368294581F6AB75245F943B8E01DD63F922ABBD\
4BF922FB40876EE966DE817CE59E2454264125AA1DFBEB05E98CC03774AEE6021F07AA67E1E6880B371A2B39187C0693A6D9446C5BB53BAB79BCE704530AAF00554249061511AC7466A020512E474498F5024F01922FB64510E59E8602A0D81C1221541B\
690A88E2F00C573EB72E8AC2A58E88006A13A5012203E00A138AA0904C3ABC00514E3B2601ABBF6DDC515563E5FAC3D989360E28311D0E9DB22428B706739557B478D61A39425AB94288E6CA95BD81B1BACE8F16745AB0983D41CC73B469CF5E67D79E68\
4765741AD823D9A727506ACBB371EBB9BB1B7CF31B37A1B5B6A189AA13A6BB8105B28D6735273BD4B17A24D15732F15669BBCDD26DA919B73DAAD33D1DF295B8CAA8CF58C9465FCBADBE6DB196DFDCDB8D0D338C82A33B1E6B6D5675B05DB58D715AB541\
B59B8E618E92F28C6FD8F2D0D8F4201A41CC061B7825DEE6206084109B343C9F4836349C5F8B6BACC6DB379C5A7F3330260D2F4F1256EBBF2A6D3CCAE31D161FC6234960C4F12D58AFBD6049044A2CBE58B33C4AE2E53733F38081AB1C6384E4B761B55A\
51428328584226155FB870E18D17C5098EC63807F89CDEA5BBE2B20957BB92154749B27141CBF760B930298BE3DFD400230D2229590BF3DB0805F40DE2C40AEF4164877A554689C7B170A44BE0834870A0F832F4D35520DF1B91976ED8A425410DF672E5\
B498835C24BEE28C97B2FE45D01341958B147D4422142109477CD6C7A22F5E9170748A3E2275FB8A04A412F4F1C81B58241CF99D471B8F18A1E6F6C338CDE2361069BD35D5EAEDE9F2661ABC2BBDCD8FF593E5F32FFA08D4054412884A3090F52AFE1B25\
E7D5D7416B7AD21AE904B4530DD29CCD6B689336D2C16816713E86D606F9B919391A7DFB84C4A3538CC660EA0A06330A5369FAA84C7434129449D2C7E4A2A491A85CA2893DA8E3A5D1F6A0FE6E80469E2EA1E09A8E9DC8F18853C9D49C4B7E58B9491607\
DBDCA16DAE77C43A35C6B28D420DEB2B2F7A28E6B63E274B82C94FCFCA910665E95459CA4DF94E5545EC76D0501459C1435113E2F6023536CB2F35C8B10645E954512A0F5EA79A22F1506AA88AB4E4A1E8CA20DF9DCA77BE21DFA9708B1C241A922D2EB6\
1DB12EDC1074EF083D130D35A8E21A50F5A8BEEE4D17D77E974EBBB93AB964DED5F2A2DBE9EEF2AC21BB096D2E34DC3252724AB6D7CEDE4247B7ECE45D76303F54D55FF591EA682B2452FDD560ABA0880641ED1314DF5EAD95E19CA96C968A7AE554659C\
A7E3C291A97E7A8EF36CE6596C0BB1E8C973B15733E74231A7FACDBFF43DD4DE3AC32D08BC058C933C6E887D76727AC6BC57B73F6FC78DE2D8F5058E60223E8B86777317C196D2C0FB2D855E163869E1617F8432B652BBD7D0E4AFB5F155E0CE6D4F0317\
3E4FEC7F679017D6F41FB2832653F7C8BA8B90B45C5827D6EFDDBC01D7AA7E14D2467512BD268726C7FEE66FC9B54211C5CCC4B3EAA4A39899ADB1F8989951F8F5A9FCA28C70D94D484379609F37A1CBF9009C530B9E40E47C01111F1476F388AF25F69F\
56E0F9CF24609B07B73AABE820FA4DA2AF77C7F60DAB81C6A8807F3CD6EEC96A5C383DB2A6F1E7ACDE17D60392713C4EEC9B5A718F51990C8CBF6B70E14CC4850EDEBAF2F034B293D7ADDA20095FB36A35F44ADEB26A85C5BF64253493E727A6622278B8\
CA484E4CE9712F5E6D95DA3004340D0192903583CD7F2CBDA4AFCAE2B36F02B55A08899BDF85A91F74B1491785B1CB064D7CACFCB0AF4A15B94772DAEB22CF804119B7AD8CE2C09307A98D7BAF6A83243749B22046D00EC478EE2DB3A557D7C24B3DA3B2\
91D4B081F1E79E6AA568FE4CCA9B613BFD2A4949456300CB0B3EE68EDAE6017CA3474E36AE92F9906AF62EC89B12854E8790ECE18E0D5FE5905A82162F6D6486407307A2D5131CED2DCD965E2BE8E56900C5C5F42E82336E1ADDB0B7A08587FA9A406741\
5E9594F2F307E6D43A1232FD3B669D0B5C1343B4C4EE75BC0C50C52912851B53C5B466830CB57A51A09560C88F26772E08D2FB023CA5D712DF5FBBB7B63492D5A1908491F6B6223106DDD851C4FE371DA3DFA80B5B0C3C3D0E3A46FDB79D51E640A3E80F\
F39AFD9FD7BC9548F81D8AE041ACF77A14D9F66BBFD719913E0FEEC6C5EFDD89D0D5917E85E17FB7225A92FB399DCB51C35D20819D7B1D91E5771BF4BD5F39915CF1E9574E7A8F10CF87D663FB4C23F4BB7EE4F7FC7ACBC476E721EAFBC28F347F14E6E6\
032036544615275E4D58494D3A9E7394A53925B5D08EF9C956A95E327175A8932444E5D175592AE5EA9EA351264828C8A222B3F8D58E1147A04A915090C69E6649E47685C3CF3F4BC0C5D14759E4DA6A71E8759284427691D1808E34347E133E87BC7781\
F365317705665139BF1523353C3EF13AC3E0EB840C6E645FE3CAD61CBBDF50F78C01A18248343181366C649896CD9BD7692C7BED8A4A76D98872D22749F63E56BD5173B6A544AF38F4FC1BB0197B135A7E5B2CEE6F54EB2C383C3919AA839E34359A9D42\
D1F1333A6C5A17E1DFB94AEEA4690601DEF9D80368D19806F86C65FED7158CBD650D3146980174A8E56295671A2CC272D5CAD4A8CCC29CC341420E5CB4967C1F25DE028D5128D98171EC054BDBCAEE674DECEBD51CBAD3E02E4DD669829A0C5773FF8564\
065EFD36D1CFA2D8D3751EDF65475DE32E9A80AAE9E1E3A877C1CFA9E7BB55BD6F046788241078595D1C07C37D99E06361CB970AE96318680215ECAB76031EE06A8D4780F82E98017C9CCABC6E48FC3EC025705ECA101272107547D06C1F5F7960198155\
5C60D4E5D19F4886DDD5F38FFF0733CFD25C23B20000, N'6.1.3-40302')

--Synchronizing [dbo].[tb_Application] (records: 0 to delete, 0 to update, 1 to insert)

--Inserting data into [dbo].[tb_Application] (1 records)
INSERT INTO [dbo].[tb_Application]([Id], [Name], [Description], [Customer], [CreationDate], [LastUpdated]) VALUES ('6d41edef-a752-e711-9d15-4485002c4efc', N'LinkDSL.com', N'self management portal', N'Orange DSL', '20170616 17:24:22.000', '20170616 17:24:22.000')

--Synchronizing [dbo].[tb_ApplicationEvaluations] (records: 0 to delete, 0 to update, 4 to insert)

--Inserting data into [dbo].[tb_ApplicationEvaluations] (4 records)
INSERT INTO [dbo].[tb_ApplicationEvaluations]([Id], [QualityAttributesMetricId], [ApplicationId], [QualityValue], [UserValue], [CreationDate], [LastUpdated]) VALUES ('688aa6f7-a752-e711-9d15-4485002c4efc', '55c79b61-a752-e711-9d15-4485002c4efc', '6d41edef-a752-e711-9d15-4485002c4efc', 5, 10, '20170616 17:24:50.000', '20170616 17:25:03.587')
INSERT INTO [dbo].[tb_ApplicationEvaluations]([Id], [QualityAttributesMetricId], [ApplicationId], [QualityValue], [UserValue], [CreationDate], [LastUpdated]) VALUES ('698aa6f7-a752-e711-9d15-4485002c4efc', 'a7e4a5b2-a752-e711-9d15-4485002c4efc', '6d41edef-a752-e711-9d15-4485002c4efc', 5, 10, '20170616 17:24:50.000', '20170616 17:25:09.073')
INSERT INTO [dbo].[tb_ApplicationEvaluations]([Id], [QualityAttributesMetricId], [ApplicationId], [QualityValue], [UserValue], [CreationDate], [LastUpdated]) VALUES ('5c671311-a852-e711-9d15-4485002c4efc', 'be4c44cc-a752-e711-9d15-4485002c4efc', '6d41edef-a752-e711-9d15-4485002c4efc', 5, 10, '20170616 17:24:50.000', '20170616 17:25:46.237')
INSERT INTO [dbo].[tb_ApplicationEvaluations]([Id], [QualityAttributesMetricId], [ApplicationId], [QualityValue], [UserValue], [CreationDate], [LastUpdated]) VALUES ('5d671311-a852-e711-9d15-4485002c4efc', '36137b8b-a752-e711-9d15-4485002c4efc', '6d41edef-a752-e711-9d15-4485002c4efc', 5, 10, '20170616 17:24:50.000', '20170616 17:25:51.587')

--Synchronizing [dbo].[tb_Criterias] (records: 0 to delete, 0 to update, 4 to insert)

--Inserting data into [dbo].[tb_Criterias] (4 records)
INSERT INTO [dbo].[tb_Criterias]([Id], [Name], [Description], [FactorId], [CreationDate], [LastUpdated]) VALUES ('eaa6dcbb-a652-e711-9d15-4485002c4efc', N'Traceability', N'Traceability', '59e8ae56-a652-e711-9d15-4485002c4efc', '20170616 17:15:48.000', '20170616 17:24:13.057')
INSERT INTO [dbo].[tb_Criterias]([Id], [Name], [Description], [FactorId], [CreationDate], [LastUpdated]) VALUES ('c4f3eec8-a652-e711-9d15-4485002c4efc', N'Completeness', N'Completeness', '59e8ae56-a652-e711-9d15-4485002c4efc', '20170616 17:16:24.000', '20170616 17:16:24.000')
INSERT INTO [dbo].[tb_Criterias]([Id], [Name], [Description], [FactorId], [CreationDate], [LastUpdated]) VALUES ('658cfa00-a752-e711-9d15-4485002c4efc', N'Simplicity', N'Simplicity', '058293f2-a652-e711-9d15-4485002c4efc', '20170616 17:17:49.000', '20170616 17:17:49.000')
INSERT INTO [dbo].[tb_Criterias]([Id], [Name], [Description], [FactorId], [CreationDate], [LastUpdated]) VALUES ('b4906e44-a752-e711-9d15-4485002c4efc', N'Modularity', N'Modularity', '9f7d3f26-a752-e711-9d15-4485002c4efc', '20170616 17:19:16.000', '20170616 17:19:16.000')

--Synchronizing [dbo].[tb_Factors] (records: 0 to delete, 0 to update, 7 to insert)

--Inserting data into [dbo].[tb_Factors] (7 records)
INSERT INTO [dbo].[tb_Factors]([Id], [Name], [Description], [SubjectId], [CreationDate], [LastUpdated]) VALUES ('59e8ae56-a652-e711-9d15-4485002c4efc', N'Correctness', N'Correctness', '26af2647-a652-e711-9d15-4485002c4efc', '20170616 17:13:11.000', '20170616 17:13:11.000')
INSERT INTO [dbo].[tb_Factors]([Id], [Name], [Description], [SubjectId], [CreationDate], [LastUpdated]) VALUES ('3c664b67-a652-e711-9d15-4485002c4efc', N'Reliability', N'Reliability', '26af2647-a652-e711-9d15-4485002c4efc', '20170616 17:13:25.000', '20170616 17:13:25.000')
INSERT INTO [dbo].[tb_Factors]([Id], [Name], [Description], [SubjectId], [CreationDate], [LastUpdated]) VALUES ('d1d80c77-a652-e711-9d15-4485002c4efc', N'Efficiency', N'Efficiency', '26af2647-a652-e711-9d15-4485002c4efc', '20170616 17:13:54.000', '20170616 17:13:54.000')
INSERT INTO [dbo].[tb_Factors]([Id], [Name], [Description], [SubjectId], [CreationDate], [LastUpdated]) VALUES ('db732a88-a652-e711-9d15-4485002c4efc', N'Integrity', N'Integrity', '26af2647-a652-e711-9d15-4485002c4efc', '20170616 17:14:20.000', '20170616 17:14:20.000')
INSERT INTO [dbo].[tb_Factors]([Id], [Name], [Description], [SubjectId], [CreationDate], [LastUpdated]) VALUES ('925dcd97-a652-e711-9d15-4485002c4efc', N'Usability', N'Usability', '26af2647-a652-e711-9d15-4485002c4efc', '20170616 17:15:03.000', '20170616 17:15:03.000')
INSERT INTO [dbo].[tb_Factors]([Id], [Name], [Description], [SubjectId], [CreationDate], [LastUpdated]) VALUES ('058293f2-a652-e711-9d15-4485002c4efc', N'Maintainability', N'Maintainability', '57b6e1d7-a652-e711-9d15-4485002c4efc', '20170616 17:17:05.000', '20170616 17:17:05.000')
INSERT INTO [dbo].[tb_Factors]([Id], [Name], [Description], [SubjectId], [CreationDate], [LastUpdated]) VALUES ('9f7d3f26-a752-e711-9d15-4485002c4efc', N'Portability', N'Portability', 'ce038419-a752-e711-9d15-4485002c4efc', '20170616 17:18:58.000', '20170616 17:18:58.000')

--Synchronizing [dbo].[tb_QualityAttributesMetrics] (records: 0 to delete, 0 to update, 4 to insert)

--Inserting data into [dbo].[tb_QualityAttributesMetrics] (4 records)
INSERT INTO [dbo].[tb_QualityAttributesMetrics]([Id], [Name], [Description], [CriteriaId], [TypeOfMetric], [Quantification], [StandardValue], [EvaluationValue], [RouteBased], [RelatedToId], [AgainstId], [CreationDate], [LastUpdated]) VALUES ('55c79b61-a752-e711-9d15-4485002c4efc', N'Completeness', N'Completeness', 'c4f3eec8-a652-e711-9d15-4485002c4efc', 2, 79, 10, 10, NULL, NULL, NULL, '20170616 17:20:11.000', '20170616 17:20:11.000')
INSERT INTO [dbo].[tb_QualityAttributesMetrics]([Id], [Name], [Description], [CriteriaId], [TypeOfMetric], [Quantification], [StandardValue], [EvaluationValue], [RouteBased], [RelatedToId], [AgainstId], [CreationDate], [LastUpdated]) VALUES ('36137b8b-a752-e711-9d15-4485002c4efc', N'Traceability', N'Traceability', 'eaa6dcbb-a652-e711-9d15-4485002c4efc', 2, 79, 10, 10, NULL, NULL, NULL, '20170616 17:20:54.000', '20170616 17:20:54.000')
INSERT INTO [dbo].[tb_QualityAttributesMetrics]([Id], [Name], [Description], [CriteriaId], [TypeOfMetric], [Quantification], [StandardValue], [EvaluationValue], [RouteBased], [RelatedToId], [AgainstId], [CreationDate], [LastUpdated]) VALUES ('a7e4a5b2-a752-e711-9d15-4485002c4efc', N'Simplicity', N'Simplicity', '658cfa00-a752-e711-9d15-4485002c4efc', 2, 79, 10, 10, NULL, NULL, NULL, '20170616 17:22:23.000', '20170616 17:22:23.000')
INSERT INTO [dbo].[tb_QualityAttributesMetrics]([Id], [Name], [Description], [CriteriaId], [TypeOfMetric], [Quantification], [StandardValue], [EvaluationValue], [RouteBased], [RelatedToId], [AgainstId], [CreationDate], [LastUpdated]) VALUES ('be4c44cc-a752-e711-9d15-4485002c4efc', N'Modularity', N'Modularity', 'b4906e44-a752-e711-9d15-4485002c4efc', 2, 79, 10, 10, NULL, NULL, NULL, '20170616 17:23:12.000', '20170616 17:23:12.000')

--Synchronizing [dbo].[tb_Roles] (records: 0 to delete, 0 to update, 2 to insert)

--Inserting data into [dbo].[tb_Roles] (2 records)
SET IDENTITY_INSERT [dbo].[tb_Roles] ON
INSERT INTO [dbo].[tb_Roles]([Id], [Roles], [IsSystem]) VALUES (1, N'Admin', 1)
INSERT INTO [dbo].[tb_Roles]([Id], [Roles], [IsSystem]) VALUES (2, N'Auditor', 1)
SET IDENTITY_INSERT [dbo].[tb_Roles] OFF

--Synchronizing [dbo].[tb_Subjects] (records: 0 to delete, 0 to update, 3 to insert)

--Inserting data into [dbo].[tb_Subjects] (3 records)
INSERT INTO [dbo].[tb_Subjects]([Id], [Name], [Description], [CreationDate], [LastUpdated]) VALUES ('26af2647-a652-e711-9d15-4485002c4efc', N'Product Operations', N'Product Operations', '20170616 17:12:41.000', '20170616 17:12:41.000')
INSERT INTO [dbo].[tb_Subjects]([Id], [Name], [Description], [CreationDate], [LastUpdated]) VALUES ('57b6e1d7-a652-e711-9d15-4485002c4efc', N'Product Revision', N'Product Revision', '20170616 17:16:48.000', '20170616 17:16:48.000')
INSERT INTO [dbo].[tb_Subjects]([Id], [Name], [Description], [CreationDate], [LastUpdated]) VALUES ('ce038419-a752-e711-9d15-4485002c4efc', N'Product Transition', N'Product Transition', '20170616 17:18:26.000', '20170616 17:18:26.000')

--Synchronizing [dbo].[tb_Users] (records: 0 to delete, 0 to update, 2 to insert)

--Inserting data into [dbo].[tb_Users] (2 records)
SET IDENTITY_INSERT [dbo].[tb_Users] ON
INSERT INTO [dbo].[tb_Users]([Id], [UserName], [Password], [Active], [IsSystem]) VALUES (1, N'Admin', N'RG9uJ3RMb2dpbg==-bzwUvvK6shM=', 1, 1)
INSERT INTO [dbo].[tb_Users]([Id], [UserName], [Password], [Active], [IsSystem]) VALUES (2, N'Auditor', N'RG9uJ3RMb2dpbg==-bzwUvvK6shM=', 1, 1)
SET IDENTITY_INSERT [dbo].[tb_Users] OFF

--Synchronizing [dbo].[tb_Users_Roles] (records: 0 to delete, 0 to update, 2 to insert)

--Inserting data into [dbo].[tb_Users_Roles] (2 records)
SET IDENTITY_INSERT [dbo].[tb_Users_Roles] ON
INSERT INTO [dbo].[tb_Users_Roles]([Id], [UserId], [RoleId]) VALUES (1, 1, 1)
INSERT INTO [dbo].[tb_Users_Roles]([Id], [UserId], [RoleId]) VALUES (2, 2, 2)
SET IDENTITY_INSERT [dbo].[tb_Users_Roles] OFF
ALTER TABLE [dbo].[tb_ApplicationEvaluations] WITH CHECK CHECK CONSTRAINT [FK_dbo.tb_ApplicationEvaluations_dbo.tb_Application_ApplicationId]
ALTER TABLE [dbo].[tb_ApplicationEvaluations] WITH CHECK CHECK CONSTRAINT [FK_dbo.tb_ApplicationEvaluations_dbo.tb_QualityAttributesMetrics_QualityAttributesMetricId]
ALTER TABLE [dbo].[tb_Criterias] WITH CHECK CHECK CONSTRAINT [FK_dbo.tb_Criterias_dbo.tb_Factors_FactorId]
ALTER TABLE [dbo].[tb_QualityAttributesMetrics] WITH CHECK CHECK CONSTRAINT [FK_dbo.tb_QualityAttributesMetrics_dbo.tb_Criterias_CriteriaId]
ALTER TABLE [dbo].[tb_Factors] WITH CHECK CHECK CONSTRAINT [FK_dbo.tb_Factors_dbo.tb_Subjects_SubjectId]
ALTER TABLE [dbo].[tb_QualityAttributesMetrics] WITH CHECK CHECK CONSTRAINT [FK_dbo.tb_QualityAttributesMetrics_dbo.tb_QualityAttributesMetrics_AgainstId]
ALTER TABLE [dbo].[tb_QualityAttributesMetrics] WITH CHECK CHECK CONSTRAINT [FK_dbo.tb_QualityAttributesMetrics_dbo.tb_QualityAttributesMetrics_RelatedToId]
ALTER TABLE [dbo].[tb_Users_Roles] WITH CHECK CHECK CONSTRAINT [FK_dbo.tb_Users_Roles_dbo.tb_Roles_RoleId]
ALTER TABLE [dbo].[tb_Users_Roles] WITH CHECK CHECK CONSTRAINT [FK_dbo.tb_Users_Roles_dbo.tb_Users_UserId]


--End of transaction
PRINT 'Commit synchronization.'
COMMIT TRANSACTION

END TRY
BEGIN CATCH
	--If during synchronization process an error occurred then the following code will be executed
	if @@error <> 0 AND @@trancount > 0
	BEGIN
		DECLARE @EX_ERROR_MESSAGE nvarchar(MAX), @STATE int, @SEVERITY int
		SELECT @EX_ERROR_MESSAGE =
		'An error occured:' + char(13) + char(10)
		+ 'Msg ' + cast( ERROR_NUMBER() as nvarchar(20) )
		+ ', Level ' + cast( ERROR_SEVERITY() as nvarchar(20) )
		+ ', State ' + cast( ERROR_STATE() as nvarchar(20) )
		+ ', Line ' + cast( ERROR_LINE() as nvarchar(20) ) + char(13) + char(10)
		+ ERROR_MESSAGE() + char(13) + char(10),
		@SEVERITY = ERROR_SEVERITY(),
			@STATE = ERROR_STATE()
		RAISERROR(@EX_ERROR_MESSAGE, @SEVERITY, @STATE)
	END
	ROLLBACK TRAN
	PRINT 'Data synchronization is completed with errors, all changes were cancelled'
END CATCH



